sales_Sl. No,sales_Invoice Number,sales_Invoice Date,sales_Customer Name,GST Number,sales_Net Amount,sales_Tax Type CGST,sales_Tax Amount CGST,sales_Tax Type SGST,sales_Tax Amount SGST,sales_Tax Type IGST,sales_Tax Amount IGST,sales_Grand Amount,Purchase Invoice Number,Purchase Invoice Date,Purchase Customer Name,TIN Number,Purchase Net Amount,Purchase Tax Type CGST,Purchase Tax Amount CGST,Purchase Tax Type SGST,Purchase Tax Amount SGST,Purchase Tax Type IGST,Purchase Tax Amount IGST,Purchase Grand Amount
1,1,03-04-2023,TRACTORS AND FARMS EQUIPMENTS LTD.,29AAACT2761Q1ZQ,60000,CGST@9%,5400,SGST@9%,5400,,,70800,962,06-04-2023,A S Bearing,29BJKPP7596L1Z0,"4,700.00",CGST@9%,423,SGST@9%,423,,,"5,546.00"
2,2,05-04-2023,M/S BHARGAVI ENGINEERS & FABRICATORS,29ACGPS1337L2Z5,1800,CGST@9%,162,SGST@9%,162,,,2124,14394,06-04-2023,Industrial Hydraulics & tools,29AFCPH8418Q1ZT,"8,216.00",CGST@9%,739.44,SGST@9%,739.44,,,"9,695.00"
3,3,10-04-2023,M/s RHS Cranes & Components,29AAVFR6748P2ZR,3800,CGST@9%,342,SGST@9%,342,,,4484,8,06-04-2023,Royal Industrials Stores,29AJIPM5689G1ZJ,"3,750.00",CGST@9%,337.5,SGST@9%,337.5,,,"4,425.00"
4,4,11-04-2023,BANGALORE METALURGICAL PVT LTD,29AAACB5881F1ZK,30000,CGST@9%,2700,SGST@9%,2700,,,35400,11,08-04-2023,Sri Vinayaka Industries,29AAOPN9277E1ZZ,"27,000.00",CGST@9%,"2,430.00",SGST@9%,"2,430.00",,,"31,860.00"
5,5,11-04-2023,M/S R.R.FOUNDERS,29AABFR5630G1Z8,7400,CGST@9%,666,SGST@9%,666,,,8732,1374,10-04-2023,A L Colours & Coats,29ABBFA2410J1ZS,960,CGST@9%,86.4,SGST@9%,86.4,,,"1,133.00"
6,6,11-04-2023,SUMUKA ENGINEERS,29ABCPN4906D1ZT,12500,CGST@9%,1125,SGST@9%,1125,,,14750,1708,05-07-2023,LASA ENGINEERS PVT LTD,29AAACL2878G1Z9,"71,936.00",CGST@9%,"6,474.24",SGST@9%,"6,474.24",,,"84,884.00"
7,7,26-04-2023,SUMUKA ENGINEERS,29ABCPN4906D1ZT,18600,CGST@9%,1674,SGST@9%,1674,,,21948,157,08-07-2023,M/s ML Gears,33AAUPL3828R1ZU,"34,500.00",,,,,IGST@18%,"6,210.00","40,710.00"
8,8,26-04-2023,ACE ENGINEERING TECHNOLIES INDIA PVT LTD,29AAICA0071C1Z3,5450,CGST@9%,490.5,SGST@9%,490.5,,,6431,188,09-07-2023,Thanusha Enterprises,29CHMPK0290E1ZI,"1,59,000.00",CGST@9%,"14,310.00",SGST@9%,"14,310.00",,,"1,87,620.00"
9,9,29-04-2023,M/s Laxmi industries India Private Limited,29AAECL9398P1Z9,195455,CGST@9%,17590.95,SGST@9%,17590.95,,,230637,157,13-07-2023,Sri Vinayaka Industries,29AAOPN9277E1ZZ,"1,25,044.00",CGST@9%,"11,253.96",SGST@9%,"11,253.96",,,"1,47,552.00"
10,10,29-04-2023,M/s Talrak Construction Chemicals Pvt Ltd,29AAFCT0474P1ZP,191468,CGST@9%,17232.12,SGST@9%,17232.12,,,225932,829,15-07-2023,KHS ENGINEERING TECHNOLOGIES,29470091273,"19,147.00",CGST@9%,"1,723.23",SGST@9%,"1,723.23",,,"22,593.00"
11,11,18-05-2023,BANGALORE METALURGICAL PVT LTD,29AAACB5881F1ZK,10700,CGST@9%,963,SGST@9%,963,,,12626,17289,15-07-2023,Karnataka Hardware & Industrial suppliers,29ADGPJ3901G1ZU,997,CGST@9%,89.73,SGST@9%,89.73,,,"1,176.00"
12,12,18-05-2023,BANGALORE METALURGICAL PVT LTD,29AAACB5881F1ZK,55537,CGST@9%,4998.33,SGST@9%,4998.33,,,65534,22102,15-07-2023,Galaxy Paints Hardware,AAKFG6133C1Z1,97,CGST@9%,8.73,SGST@9%,8.73,,,114
13,13,18-05-2023,BANGALORE METALURGICAL PVT LTD,29AAACB5881F1ZK,12750,CGST@9%,1147.5,SGST@9%,1147.5,,,15045,162,18-07-2023,Sri Vinayaka Industries,29AAOPN9277E1ZZ,"33,750.00",CGST@9%,"3,037.50",SGST@9%,"3,037.50",,,"39,825.00"
14,14,18-05-2023,SUMUKA ENGINEERS,29ABCPN4906D1ZT,25600,CGST@9%,2304,SGST@9%,2304,,,30208,1410,19-07-2023,SPEED 0 CONTROLS,27AABCS1430L1ZG,"39,208.00",CGST@9%,"3,528.72",SGST@9%,"3,528.72",,,"46,265.00"
15,15,29-05-2023,TRACTORS AND FARMS EQUIPMENTS LTD.,29AAACT2761Q1ZQ,60000,CGST@9%,5400,SGST@9%,5400,,,70800,1367,19-07-2023,SPEED 0 CONTROLS,27AABCS1430L1ZG,"12,334.00",CGST@9%,"1,110.06",SGST@9%,"1,110.06",,,"14,554.00"
16,16,29-05-2023,M/s Laxmi industries India Private Limited,29AAECL9398P1Z9,195455,CGST@9%,17590.95,SGST@9%,17590.95,,,230637,390,21-07-2023,VIMAL INDUSTRIES,2929AKHPK8857E1ZO,"60,000.00",CGST@9%,"5,400.00",SGST@9%,"5,400.00",,,"70,800.00"
17,17,29-05-2023,M/s Talrak Construction Chemicals Pvt Ltd,29AAFCT0474P1ZP,191468,CGST@9%,17232.12,SGST@9%,17232.12,,,225932,389,21-07-2023,VIMAL INDUSTRIES,2929AKHPK8857E1ZO,"20,650.00",CGST@9%,"1,858.50",SGST@9%,"1,858.50",,,"24,367.00"
18,18,03-06-2023,M/s Coupco Engineers,19AKSPB8312N1ZM,71500,,,,,IGST@18%,12870,84370,388,21-07-2023,VIMAL INDUSTRIES,2929AKHPK8857E1ZO,"80,600.00",CGST@9%,"7,254.00",SGST@9%,"7,254.00",,,"95,108.00"
19,19,03-06-2023,ACE ENGINEERING TECHNOLIES INDIA PVT LTD,29AAICA0071C1Z3,21800,CGST@9%,1962,SGST@9%,1962,,,25724,6206,21-07-2023,BALAJI SALES CORPORATION,29470107860,814,CGST@9%,73.26,SGST@9%,73.26,,,961
20,20,12-06-2023,BANGALORE METALURGICAL PVT LTD,29AAACB5881F1ZK,6750,CGST@9%,607.5,SGST@9%,607.5,,,7965,15276,21-07-2023,Industrial Hyraullics & Tools,29AFCPH8418Q1ZT,"7,660.00",CGST@9%,689.4,SGST@9%,689.4,,,"9,039.00"
21,21,16-06-2023,M/s SV Material handling system,29AAKCS6443A1ZB,25500,CGST@9%,2295,SGST@9%,2295,,,30090,356,24-07-2023,VIMAL INDUSTRIES,2929AKHPK8857E1ZO,"5,750.00",CGST@9%,517.5,SGST@9%,517.5,,,"6,785.00"
22,22,28-06-2023,M/s Laxmi industries India Private Limited,29AAECL9398P1Z9,195455,CGST@9%,17590.95,SGST@9%,17590.95,,,230637,579,27-07-2023,CRANE KIT,29AAQFC2592K1ZS,"10,080.00",CGST@9%,907.2,SGST@9%,907.2,,,"11,894.00"
23,23,28-06-2023,M/s Talrak Construction Chemicals Pvt Ltd,29AAFCT0474P1ZP,191468,CGST@9%,17232.12,SGST@9%,17232.12,,,225932,393,31-07-2023,VIMAL INDUSTRIES,2929AKHPK8857E1ZO,"12,500.00",CGST@9%,"1,125.00",SGST@9%,"1,125.00",,,"14,750.00"
24,24,28-06-2023,M/S BHUWALKA PIPES PVT LIMITED,29AABCB7778E1ZD,14400,CGST@9%,1296,SGST@9%,1296,,,16992,1754,01-08-2023,DHANLAKSHMI ELECTRICALS,29AFXPJ5994E1ZK,"18,415.00",CGST@9%,"1,657.35",SGST@9%,"1,657.35",,,"21,730.00"
25,25,29-06-2023,M/s Power Control Equipments,29AACFP7876K1ZG,300000,CGST@9%,27000,SGST@9%,27000,,,354000,397,07-08-2023,VIMAL INDUSTRIES,2929AKHPK8857E1ZO,"3,00,000.00",CGST@9%,"27,000.00",SGST@9%,"27,000.00",,,"3,54,000.00"
26,27,12-07-2023,M/s Rarewala Steels & Alloys Pvt Ltd,29AAECR7443K1ZV,25000,CGST@9%,2250,SGST@9%,2250,,,29500,25523,07-08-2023,ostrich projects & services,33546416206,288,CGST@9%,25.92,SGST@9%,25.92,,,340
27,26,15-07-2023,M/s Mahindra & Mahindra Ltd,29AAACM3025E2ZU,18500,CGST@9%,1665,SGST@9%,1665,,,21830,831,14-08-2023,AMS MOTOR WORKS,29AKWPS1827M2Z3,"14,430.00",CGST@9%,"1,298.70",SGST@9%,"1,298.70",,,"17,027.00"
28,28,17-07-2023,M/S PEAGUASUS TECHNO CRAFTS,29ADDPV0359D1ZH,218750,CGST@9%,19687.5,SGST@9%,19687.5,,,258125,1978,17-08-2023,DHANLAKSHMI ELECTRICALS,29AFXPJ5994E1ZK,"9,512.00",CGST@9%,856.08,SGST@9%,856.08,,,"11,224.00"
29,29,17-07-2023,ACE ENGINEERING TECHNOLIES INDIA PVT LTD,29AAICA0071C1Z3,17000,CGST@9%,1530,SGST@9%,1530,,,20060,71,21-08-2023,S V ENGINEERING,29ALNPP1396G1ZJ,"1,03,271.00",CGST@9%,"9,294.39",SGST@9%,"9,294.39",,,"1,21,860.00"
30,30,19-07-2023,TRACTORS AND FARMS EQUIPMENTS LTD.,29AAACT2761Q1ZQ,30000,CGST@9%,2700,SGST@9%,2700,,,35400,1973,02-11-2023,VIASHNAVI LIGHTS,29CTBPP4064R1ZV,508,CGST@9%,45.72,SGST@9%,45.72,,,599
31,31,19-07-2023,TRACTORS AND FARMS EQUIPMENTS LTD.,29AAACT2761Q1ZQ,27400,CGST@9%,2466,SGST@9%,2466,,,32332,45038,03-11-2023,Galaxy Paints Hardware,AAKFG6133C1Z1,288,CGST@9%,25.92,SGST@9%,25.92,,,340
32,32,27-07-2023,M/S R.K.CRANE SERVICING,29AGQPR1653Q1ZC,28000,CGST@9%,2520,SGST@9%,2520,,,33040,48142,18-11-2023,Galaxy Paints Hardware,AAKFG6133C1Z1,680,CGST@9%,61.2,SGST@9%,61.2,,,802
33,33,28-07-2023,M/s Laxmi industries India Private Limited,29AAECL9398P1Z9,195455,CGST@9%,17590.95,SGST@9%,17590.95,,,230637,48342,18-11-2023,Galaxy Paints Hardware,AAKFG6133C1Z1,235,CGST@9%,21.15,SGST@9%,21.15,,,277
34,34,28-07-2023,M/s Talrak Construction Chemicals Pvt Ltd,29AAFCT0474P1ZP,191468,CGST@9%,17232.12,SGST@9%,17232.12,,,225932,48270,18-11-2023,Galaxy Paints Hardware,AAKFG6133C1Z1,76,CGST@9%,6.84,SGST@9%,6.84,,,90
35,35,28-07-2023,TRACTORS AND FARMS EQUIPMENTS LTD.,29AAACT2761Q1ZQ,30000,CGST@9%,2700,SGST@9%,2700,,,35400,26727,18-11-2023,PADMAVATHI HARDWARE,29AJBPG2536P1ZX,169,CGST@9%,15.21,SGST@9%,15.21,,,199
36,36,01-08-2023,M/s Ramsons Concrete Products,29AAJFR3509A1ZE,560000,CGST@9%,50400,SGST@9%,50400,,,660800,49067,23-11-2023,Galaxy Paints Hardware,AAKFG6133C1Z1,193,CGST@9%,17.37,SGST@9%,17.37,,,228
37,37,01-08-2023,M/s Ramsons Concrete Products,29AAJFR3509A1ZE,800000,CGST@9%,72000,SGST@9%,72000,,,944000,6477,01-12-2023,KRISHNA ELECTRICAL INDUSTRIES,29ABFPC0995E1ZQ,"5,275.00",CGST@9%,474.75,SGST@9%,474.75,,,"6,225.00"
38,38,07-08-2023,BANGALORE METALURGICAL PVT LTD,29AAACB5881F1ZK,77825,CGST@9%,7004.25,SGST@9%,7004.25,,,91834,3352,05-12-2023,DHANLAKSHMI ELECTRICALS,29AFXPJ5994E1ZK,"13,632.00",CGST@9%,"1,226.88",SGST@9%,"1,226.88",,,"16,086.00"
39,39,07-08-2023,BANGALORE METALURGICAL PVT LTD,29AAACB5881F1ZK,625000,CGST@9%,56250,SGST@9%,56250,,,737500,115,12-12-2023,S V ENGINEERING,29ALNPP1396G1ZJ,"44,762.00",CGST@9%,"4,028.58",SGST@9%,"4,028.58",,,"52,819.00"
40,40,08-08-2023,M/S R.N.S MOTORS Pvt Ltd,29AAFCR4081G1Z7,18000,CGST@9%,1620,SGST@9%,1620,,,21240,2112,19-12-2023,KHS ENGINEERING TECHNOLOGIES,29AAAFK9877H1ZP,"8,211.00",CGST@9%,738.99,SGST@9%,738.99,,,"9,689.00"
41,41,10-08-2023,M/S R.R.FOUNDERS,29AABFR5630G1Z8,29740,CGST@9%,2676.6,SGST@9%,2676.6,,,35093,48066,19-12-2023,Galaxy Paints Hardware,AAKFG6133C1Z1,330,CGST@9%,29.7,SGST@9%,29.7,,,389
42,42,12-08-2023,BANGALORE METALURGICAL PVT LTD,29AAACB5881F1ZK,30096,CGST@9%,2708.64,SGST@9%,2708.64,,,35513,6491,21-12-2023,KRISHNA ELECTRICAL INDUSTRIES,29ABFPC0995E1ZQ,"41,018.00",CGST@9%,"3,691.62",SGST@9%,"3,691.62",,,"48,401.00"
43,43,23-08-2023,M/s RHS Cranes & Components,29AAVFR6748P2ZR,23750,CGST@9%,2137.5,SGST@9%,2137.5,,,28025,55950,22-12-2023,Galaxy Paints Hardware,AAKFG6133C1Z1,72,CGST@9%,6.48,SGST@9%,6.48,,,85
44,44,23-08-2023,M/s SV Material handling system,29AAKCS6443A1ZB,18000,CGST@9%,1620,SGST@9%,1620,,,21240,56759,22-12-2023,Galaxy Paints Hardware,AAKFG6133C1Z1,21,CGST@9%,1.89,SGST@9%,1.89,,,25
45,45,30-08-2023,M/s Laxmi industries India Private Limited,29AAECL9398P1Z9,195455,CGST@9%,17590.95,SGST@9%,17590.95,,,230637,335,23-12-2023,SUMUKHA ENGINEERS,29030107908,"4,800.00",CGST@9%,432,SGST@9%,432,,,"5,664.00"
46,46,30-08-2023,M/s Talrak Construction Chemicals Pvt Ltd,29AAFCT0474P1ZP,191468,CGST@9%,17232.12,SGST@9%,17232.12,,,225932,16446,29-12-2023,Industrial Hydraulics & tools,29AFCPH8418Q1ZT,"12,045.00",CGST@9%,"1,084.05",SGST@9%,"1,084.05",,,"14,213.00"
47,47,31-08-2023,M/S PEAGUASUS TECHNO CRAFTS,29ADDPV0359D1ZH,43750,CGST@9%,3937.5,SGST@9%,3937.5,,,51625,573,22-03-2024,VIASHNAVI LIGHTS,29CTBPP4064R1ZV,580.47,CGST@9%,52.24,SGST@9%,52.24,,,685
48,48,31-08-2023,M/s SV Material handling system,29AAKCS6443A1ZB,10800,CGST@9%,972,SGST@9%,972,,,12744,3,09-05-2024,LAKSHMI INDUSTRIES,29200078278,"1,33,434.00",CGST@9%,"12,009.06",SGST@9%,"12,009.06",,,"1,57,452.00"
49,49,07-09-2023,M/S R.K.CRANE SERVICING,29AGQPR1653Q1ZC,17000,CGST@9%,1530,SGST@9%,1530,,,20060,2,22-05-2024,LINKWELL ENGINEERS,29AYDPH5773L1ZV,"11,50,000.00",CGST@9%,"1,03,500.00",SGST@9%,"1,03,500.00",,,"13,57,000.00"
50,50,15-09-2023,TRACTORS AND FARMS EQUIPMENTS LTD.,29AAACT2761Q1ZQ,65840,CGST@9%,5925.6,SGST@9%,5925.6,,,77691,466,24-05-2024,KHS ENGINEERING TECHNOLOGIES,29AAAFK9877H1ZP,"4,496.00",CGST@9%,404.64,SGST@9%,404.64,,,"5,305.00"
51,51,22-09-2023,BANGALORE METALURGICAL PVT LTD,29AAACB5881F1ZK,24035,CGST@9%,2163.15,SGST@9%,2163.15,,,28361,936,27-05-2024,SHANKARA BUILDPRO,29AACCS9670B1Z6,"1,737.00",CGST@9%,156.33,SGST@9%,156.33,,,"2,050.00"
52,52,28-09-2023,M/s Laxmi industries India Private Limited,29AAECL9398P1Z9,195455,CGST@9%,17590.95,SGST@9%,17590.95,,,230637,6620,28-05-2024,KRISHNA ELECTRICAL INDUSTRIES,29ABFPC0995E1ZQ,"1,285.00",CGST@9%,115.65,SGST@9%,115.65,,,"1,516.00"
53,53,28-09-2023,M/s Talrak Construction Chemicals Pvt Ltd,29AAFCT0474P1ZP,191468,CGST@9%,17232.12,SGST@9%,17232.12,,,225932,482,28-05-2024,VIMAL INDUSTRIES,2929AKHPK8857E1ZO,"10,350.00",CGST@9%,931.5,SGST@9%,931.5,,,"12,213.00"
54,54,03-10-2023,M/S STUMPP SCHUELE  SOMAPPA SPRINGS (P) LIMITED,29AALCS7347E1ZX,45000,CGST@9%,4050,SGST@9%,4050,,,53100,8,28-05-2024,Janani Fabtech,29BMSPR1246N1Z5,"1,20,000.00",CGST@9%,"10,800.00",SGST@9%,"10,800.00",,,"1,41,600.00"
55,55,04-10-2023,M/S STUMPP SCHUELE  SOMAPPA SPRINGS (P) LIMITED,29AALCS7347E1ZX,4150,CGST@9%,373.5,SGST@9%,373.5,,,4897,9,10-06-2024,Janani Fabtech,29BMSPR1246N1Z5,"2,00,000.00",CGST@9%,"18,000.00",SGST@9%,"18,000.00",,,"2,36,000.00"
56,56,04-10-2023,M/s SV Material handling system,29AAKCS6443A1ZB,45000,CGST@9%,4050,SGST@9%,4050,,,53100,72,14-06-2024,SUMUKHA ENGINEERS,29030107908,"9,400.00",CGST@9%,846,SGST@9%,846,,,"11,092.00"
57,57,04-10-2023,TRACTORS AND FARMS EQUIPMENTS LTD.,29AAACT2761Q1ZQ,60000,CGST@9%,5400,SGST@9%,5400,,,70800,1.25E+11,14-06-2024,Eureka forbes,29AABCF3759R1ZT,"33,897.00",CGST@9%,"3,050.73",SGST@9%,"3,050.73",,,"39,998.00"
58,58,27-10-2023,M/s Laxmi industries India Private Limited,29AAECL9398P1Z9,195455,CGST@9%,17590.95,SGST@9%,17590.95,,,230637,16350,20-06-2024,Galaxy Paints Hardware,AAKFG6133C1Z1,381,CGST@9%,34.29,SGST@9%,34.29,,,450
59,59,27-10-2023,M/s Talrak Construction Chemicals Pvt Ltd,29AAFCT0474P1ZP,201041,CGST@9%,18093.69,SGST@9%,18093.69,,,237228,495,26-06-2024,VIMAL INDUSTRIES,2929AKHPK8857E1ZO,"9,000.00",CGST@9%,810,SGST@9%,810,,,"10,620.00"
60,60,08-11-2023,Sri Vinayaka Industries,29430131647,17850,CGST@9%,1606.5,SGST@9%,1606.5,,,21063,17802,27-06-2024,Galaxy Paints Hardware,AAKFG6133C1Z1,93,CGST@9%,8.37,SGST@9%,8.37,,,110
61,61,23-11-2023,TRACTORS AND FARMS EQUIPMENTS LTD.,29AAACT2761Q1ZQ,60000,CGST@9%,5400,SGST@9%,5400,,,70800,17753,27-06-2024,Galaxy Paints Hardware,AAKFG6133C1Z1,551,CGST@9%,49.59,SGST@9%,49.59,,,650
62,62,28-11-2023,M/s Laxmi industries India Private Limited,29AAECL9398P1Z9,195455,CGST@9%,17590.95,SGST@9%,17590.95,,,230637,18118,28-06-2024,Galaxy Paints Hardware,AAKFG6133C1Z1,469,CGST@9%,42.21,SGST@9%,42.21,,,553
63,63,28-11-2023,M/s Talrak Construction Chemicals Pvt Ltd,29AAFCT0474P1ZP,191468,CGST@9%,17232.12,SGST@9%,17232.12,,,225932,18236,29-06-2024,Galaxy Paints Hardware,AAKFG6133C1Z1,796,CGST@9%,71.64,SGST@9%,71.64,,,939
64,64,01-12-2023,M/s MSM Spring India Pvt Ltd,33AAJCM0933E1ZU,26500,,,,,IGST@18%,4770,31270,18237,29-06-2024,Galaxy Paints Hardware,AAKFG6133C1Z1,90,CGST@9%,8.1,SGST@9%,8.1,,,106
65,65,05-12-2023,M/S MAWALEWARI ENGINEERING,20ATNPK3858L1ZC,87500,,,,,IGST@18%,15750,103250,18805,01-07-2024,Galaxy Paints Hardware,AAKFG6133C1Z1,356,CGST@9%,32.04,SGST@9%,32.04,,,420
66,66,05-12-2023,M/S MAWALEWARI ENGINEERING,20ATNPK3858L1ZC,23750,,,,,IGST@18%,4725,28025,1115,02-08-2024,COUPCO ENGINEERS,19AKSPB8312N1ZM,"54,000.00",,,,,IGST@18%,"9,720.00","63,720.00"
67,67,11-12-2023,M/s Bansal ARADHYA STEEL PVT LTD,29AACCA3266D1ZW,9450,CGST@9%,850.5,SGST@9%,850.5,,,11151,137,07-08-2024,SUMUKHA ENGINEERS,29030107908,"19,000.00",CGST@9%,"1,710.00",SGST@9%,"1,710.00",,,"22,420.00"
68,68,11-12-2023,M/S STUMPP SCHUELE  SOMAPPA SPRINGS (P) LIMITED,29AALCS7347E1ZX,107500,CGST@9%,9675,SGST@9%,9675,,,126850,49,07-08-2024,S V ENGINEERING,29ALNPP1396G1ZJ,"76,183.00",CGST@9%,"6,856.47",SGST@9%,"6,856.47",,,"89,896.00"
69,69,18-12-2023,M/S STUMPP SCHUELE  SOMAPPA SPRINGS (P) LIMITED,29AALCS7347E1ZX,29625,CGST@9%,2666.25,SGST@9%,2666.25,,,34958,243,07-08-2024,Sri Vinayaka Industries,29AAOPN9277E1ZZ,"46,050.00",CGST@9%,"4,144.50",SGST@9%,"4,144.50",,,"54,339.00"
70,70,26-12-2023,ACE ENGINEERING TECHNOLIES INDIA PVT LTD,29AAICA0071C1Z3,42500,CGST@9%,3825,SGST@9%,3825,,,50150,1366,07-08-2024,zvn ridemates india pvt ltd,29AACCZ3489M1ZF,875,CGST@9%,78.75,SGST@9%,78.75,,,"1,033.00"
71,71,27-12-2023,M/S NIKITHA BUILD-TECH PVT. LTD.,29AAACN9219M1ZX,1480000,CGST@9%,133200,SGST@9%,133200,,,1746400,1120,07-08-2024,COUPCO ENGINEERS,19AKSPB8312N1ZM,"18,000.00",CGST@9%,"1,620.00",SGST@9%,"1,620.00",,,"21,240.00"
72,72,29-12-2023,M/S STUMPP SCHUELE  SOMAPPA SPRINGS (P) LIMITED,29AALCS7347E1ZX,10505.6,CGST@9%,945.5,SGST@9%,945.5,,,12397,1338,09-08-2024,A.S. BEARING STORE,29160579499,"5,200.00",CGST@9%,468,SGST@9%,468,,,"6,136.00"
73,73,29-12-2023,BANGALORE METALURGICAL PVT LTD,29AAACB5881F1ZK,89248,CGST@9%,8032.32,SGST@9%,8032.32,,,105313,505,09-08-2024,VIMAL INDUSTRIES,2929AKHPK8857E1ZO,"25,400.00",CGST@9%,"2,286.00",SGST@9%,"2,286.00",,,"29,972.00"
74,74,29-12-2023,M/s Talrak Construction Chemicals Pvt Ltd,29AAFCT0474P1ZP,210573,CGST@9%,18951.57,SGST@9%,18951.57,,,248476,18812,12-08-2024,Industrial Hydraulics & tools,29AFCPH8418Q1ZT,"7,611.00",CGST@9%,684.99,SGST@9%,684.99,,,"8,981.00"
75,75,29-12-2023,M/s Laxmi industries India Private Limited,29AAECL9398P1Z9,195455,CGST@9%,17590.95,SGST@9%,17590.95,,,230637,1348,21-08-2024,A.S. BEARING STORE,29160579499,"4,340.00",CGST@9%,390.6,SGST@9%,390.6,,,"5,121.00"
76,76,30-12-2023,M/s SKB Automation,29BERPK0195J1ZW,28500,CGST@9%,2565,SGST@9%,2565,,,33630,1635,23-08-2024,A L Colours & Coats,29ABBFA2410J1ZS,"7,440.00",CGST@9%,669.6,SGST@9%,669.6,,,"8,779.00"
77,77,30-12-2023,M/s SKB Automation,29BERPK0195J1ZW,19000,CGST@9%,1710,SGST@9%,1710,,,22420,611,23-08-2024,CRANE KIT,29AAQFC2592K1ZS,"10,374.00",CGST@9%,933.66,SGST@9%,933.66,,,"12,241.00"
78,78,16-01-2024,BANGALORE METALURGICAL PVT LTD,29AAACB5881F1ZK,26646,CGST@9%,2398.14,SGST@9%,2398.14,,,31442,6687,23-08-2024,KRISHNA ELECTRICAL INDUSTRIES,29ABFPC0995E1ZQ,"41,921.00",CGST@9%,"3,772.89",SGST@9%,"3,772.89",,,"49,467.00"
79,79,16-01-2024,BANGALORE METALURGICAL PVT LTD,29AAACB5881F1ZK,4700,CGST@9%,423,SGST@9%,423,,,5546,259,27-08-2024,SNEHA ENTERPRISES,29CSGPM9825F1Z9,"23,500.00",CGST@9%,"2,115.00",SGST@9%,"2,115.00",,,"27,730.00"
80,80,20-01-2024,ACE ENGINEERING TECHNOLIES INDIA PVT LTD,29AAICA0071C1Z3,21250,CGST@9%,1912.5,SGST@9%,1912.5,,,25075,19042,03-09-2024,Industrial Hydraulics & tools,29AFCPH8418Q1ZT,795,CGST@9%,71.55,SGST@9%,71.55,,,938
81,81,22-01-2024,M/S STUMPP SCHUELE  SOMAPPA SPRINGS (P) LIMITED,29AALCS7347E1ZX,55399.4,CGST@9%,4985.95,SGST@9%,4985.95,,,65371,893,03-09-2024,SGS BATTERIES,29AHWPRO76OR1Z4,"30,895.00",CGST@9%,"2,780.55",SGST@9%,"2,780.55",,,"36,456.00"
82,82,30-01-2024,M/s Talrak Construction Chemicals Pvt Ltd,29AAFCT0474P1ZP,201041,CGST@9%,18093.69,SGST@9%,18093.69,,,237228,33500,09-09-2024,Galaxy Paints Hardware,AAKFG6133C1Z1,326,CGST@9%,29.34,SGST@9%,29.34,,,385
83,83,30-01-2024,M/s Laxmi industries India Private Limited,29AAECL9398P1Z9,195455,CGST@9%,17590.95,SGST@9%,17590.95,,,230637,184,14-09-2024,SUMUKHA ENGINEERS,29030107908,"2,400.00",CGST@9%,216,SGST@9%,216,,,"2,832.00"
84,84,30-01-2024,TRACTORS AND FARMS EQUIPMENTS LTD.,29AAACT2761Q1ZQ,36000,CGST@9%,3240,SGST@9%,3240,,,42480,271,15-09-2024,Thanusha Enterprises,29CHMPK0290E1ZI,"74,500.00",CGST@9%,"6,705.00",SGST@9%,"6,705.00",,,"87,910.00"
85,85,30-01-2024,TRACTORS AND FARMS EQUIPMENTS LTD.,29AAACT2761Q1ZQ,36000,CGST@9%,3240,SGST@9%,3240,,,42480,2425,24-09-2024,KHS ENGINEERING TECHNOLOGIES,29AAAFK9877H1ZP,"3,978.00",CGST@9%,358.02,SGST@9%,358.02,,,"4,694.00"
86,86,21-02-2024,M/S R.R.FOUNDERS,29AABFR5630G1Z8,220000,CGST@9%,19800,SGST@9%,19800,,,259600,71,24-09-2024,S V ENGINEERING,29ALNPP1396G1ZJ,"9,775.00",CGST@9%,879.75,SGST@9%,879.75,,,"11,535.00"
87,87,28-02-2024,M/s Laxmi industries India Private Limited,29AAECL9398P1Z9,195455,CGST@9%,17590.95,SGST@9%,17590.95,,,230637,305,24-09-2024,Sri Vinayaka Industries,29AAOPN9277E1ZZ,"6,170.00",CGST@9%,555.3,SGST@9%,555.3,,,"7,281.00"
88,88,28-02-2024,M/s Talrak Construction Chemicals Pvt Ltd,29AAFCT0474P1ZP,201041,CGST@9%,18093.69,SGST@9%,18093.69,,,237228,1374,25-09-2024,A.S. BEARING STORE,29160579499,"1,500.00",CGST@9%,135,SGST@9%,135,,,"1,770.00"
89,89,04-03-2024,M/s Viman Multiplug Pvt Ltd,29AAACV5713G1ZB,36500,CGST@9%,3285,SGST@9%,3285,,,43070,1889,26-09-2024,LASA ENGINEERS PVT LTD,29AAACL2878G1Z9,"38,490.00",CGST@9%,"3,464.10",SGST@9%,"3,464.10",,,"45,418.00"
90,90,04-03-2024,S.V.MATERIAL HANDLING SYSTEM PVT LTD,29AAKCS6443A1ZB,13500,CGST@9%,1215,SGST@9%,1215,,,15930,145205,26-09-2024,industrail stores suppliers,29AAPPB0204N1ZQ,"1,010.00",CGST@9%,90.9,SGST@9%,90.9,,,"1,192.00"
91,91,07-03-2024,M/S HITECH MATERIAL MOVEMENTS,29AOYPP4140C1ZM,25875,CGST@9%,2328.75,SGST@9%,2328.75,,,30533,39405,26-09-2024,Galaxy Paints Hardware,AAKFG6133C1Z1,550,CGST@9%,49.5,SGST@9%,49.5,,,649
92,92,10-03-2024,M/s RHS Cranes & Components,29AAVFR6748P2ZR,100,CGST@9%,9,SGST@9%,9,,,118,211,27-09-2024,SUMUKHA ENGINEERS,29030107908,"21,800.00",CGST@9%,"1,962.00",SGST@9%,"1,962.00",,,"25,724.00"
93,93,23-03-2024,M/s Mohinder Agencies,29AABFM4837A1ZI,175000,CGST@9%,15750,SGST@9%,15750,,,206500,521,01-10-2024,VIMAL INDUSTRIES,2929AKHPK8857E1ZO,"54,000.00",CGST@9%,"4,860.00",SGST@9%,"4,860.00",,,"63,720.00"
94,94,29-03-2024,M/s Laxmi industries India Private Limited,29AAECL9398P1Z9,195455,CGST@9%,17590.95,SGST@9%,17590.95,,,230637,520,01-10-2024,VIMAL INDUSTRIES,2929AKHPK8857E1ZO,"15,750.00",CGST@9%,"1,417.50",SGST@9%,"1,417.50",,,"18,585.00"
95,95,29-03-2024,M/s Talrak Construction Chemicals Pvt Ltd,29AAFCT0474P1ZP,201041,CGST@9%,18093.69,SGST@9%,18093.69,,,237228,519,01-10-2024,VIMAL INDUSTRIES,2929AKHPK8857E1ZO,"31,000.00",CGST@9%,"2,790.00",SGST@9%,"2,790.00",,,"36,580.00"
96,1,06-04-2024,TRACTORS AND FARMS EQUIPMENTS LTD.,29AAACT2761Q1ZQ,36000,CGST@9%,3240,SGST@9%,3240,,,42480,275,01-10-2024,Thanusha Enterprises,29CHMPK0290E1ZI,"19,100.00",CGST@9%,"1,719.00",SGST@9%,"1,719.00",,,"22,538.00"
97,2,06-04-2024,TRACTORS AND FARMS EQUIPMENTS LTD.,29AAACT2761Q1ZQ,36000,CGST@9%,3240,SGST@9%,3240,,,42480,30242,03-10-2024,PADMAVATHI HARDWARE,29AJBPG2536P1ZX,194,CGST@9%,17.46,SGST@9%,17.46,,,229
98,3,06-04-2024,TRACTORS AND FARMS EQUIPMENTS LTD.,29AAACT2761Q1ZQ,87000,CGST@9%,7830,SGST@9%,7830,,,102660,30517,25-10-2024,PADMAVATHI HARDWARE,29AJBPG2536P1ZX,194,CGST@9%,17.46,SGST@9%,17.46,,,229
99,4,08-04-2024,M/S MAWALEWARI ENGINEERING,20ATNPK3858L1ZC,54000,CGST@9%,4860,SGST@9%,4860,,,63720,524,08-11-2024,VIMAL INDUSTRIES,2929AKHPK8857E1ZO,"3,27,800.00",CGST@9%,"29,502.00",SGST@9%,"29,502.00",,,"3,86,804.00"
100,5,08-04-2024,M/s SKB Automation,29BERPK0195J1ZW,19000,CGST@9%,1710,SGST@9%,1710,,,22420,33,11-11-2024,"H.R,ENTERPRISES",29DCFPM8766P2ZE,"28,500.00",CGST@9%,"2,565.00",SGST@9%,"2,565.00",,,"33,630.00"
101,6,10-04-2024,M/s RHS Cranes & Components,29AAVFR6748P2ZR,30550,CGST@9%,2749.5,SGST@9%,2749.5,,,36049,2425-2085,11-11-2024,KHS ENGINEERING TECHNOLOGIES,29470091273,"3,978.00",CGST@9%,358.02,SGST@9%,358.02,,,"4,694.00"
102,7,18-04-2024,TRACTORS AND FARMS EQUIPMENTS LTD.,29AAACT2761Q1ZQ,42292,CGST@9%,3806.28,SGST@9%,3806.28,,,49905,280,23-11-2024,SUMUKHA ENGINEERS,29030107908,"14,000.00",CGST@9%,"1,260.00",SGST@9%,"1,260.00",,,"16,520.00"
103,8,18-04-2024,S.V.MATERIAL HANDLING SYSTEM PVT LTD,29AAKCS6443A1ZB,31500,CGST@9%,2835,SGST@9%,2835,,,37170,2679,27-11-2024,sukhalaya enterprises,29AANFS0412K1Z0,859,CGST@9%,77.31,SGST@9%,77.31,,,"1,014.00"
104,9,18-04-2024,M/s Mohinder Agencies,29AABFM4837A1ZI,295000,CGST@9%,26550,SGST@9%,26550,,,348100,1412,02-12-2024,A.S. BEARING STORE,29160579499,"11,220.00",CGST@9%,"1,009.80",SGST@9%,"1,009.80",,,"13,240.00"
105,10,20-04-2024,M/s Mohinder Agencies,29AABFM4837A1ZI,276500,CGST@9%,24885,SGST@9%,24885,,,326270,104,05-12-2024,S V ENGINEERING,29ALNPP1396G1ZJ,"22,947.00",CGST@9%,"2,065.23",SGST@9%,"2,065.23",,,"27,077.00"
106,11,24-04-2024,M/s Mohinder Agencies,29AABFM4837A1ZI,153500,CGST@9%,13815,SGST@9%,13815,,,181130,1911,05-12-2024,LASA ENGINEERS PVT LTD,29AAACL2878G1Z9,"30,100.00",CGST@9%,"2,709.00",SGST@9%,"2,709.00",,,"35,518.00"
107,12,26-04-2024,M/s Mohinder Agencies,29AABFM4837A1ZI,600000,CGST@6%,36000,SGST@6%,36000,,,672000,1131,06-12-2024,COUPCO ENGINEERS,19AKSPB8312N1ZM,"60,000.00",,,,,IGST@18%,"10,800.00","70,800.00"
108,13,29-04-2024,M/s Talrak Construction Chemicals Pvt Ltd,29AAFCT0474P1ZP,201041,CGST@9%,18093.69,SGST@9%,18093.69,,,237228,527,07-12-2024,VIMAL INDUSTRIES,2929AKHPK8857E1ZO,"14,600.00",CGST@9%,"1,314.00",SGST@9%,"1,314.00",,,"17,228.00"
109,14,29-04-2024,M/s Laxmi industries India Private Limited,29AAECL9398P1Z9,205000,CGST@9%,18450,SGST@9%,18450,,,241900,2307,07-12-2024,KHS ENGINEERING TECHNOLOGIES,29470091273,"6,228.00",CGST@9%,560.52,SGST@9%,560.52,,,"7,349.00"
110,15,15-05-2024,M/s SKB Automation,29BERPK0195J1ZW,14250,CGST@9%,1282.5,SGST@9%,1282.5,,,16815,417,09-12-2024,Sri Vinayaka Industries,29AAOPN9277E1ZZ,"33,750.00",CGST@9%,"3,037.50",SGST@9%,"3,037.50",,,"39,825.00"
111,16,22-05-2024,M/s Cinda Engineering & contruction Pvt Ltd,33AADCC4413H1Z5,1850000,,,,,IGST@18%,333000,2183000,1062,09-12-2024,CRANE KIT,29AAQFC2592K1ZS,"6,632.00",CGST@9%,596.88,SGST@9%,596.88,,,"7,826.00"
112,17,24-05-2024,M/S STUMPP SCHUELE  SOMAPPA SPRINGS (P) LIMITED,29AALCS7347E1ZX,295000,CGST@9%,26550,SGST@9%,26550,,,348100,6767,09-12-2024,KRISHNA ELECTRICAL INDUSTRIES,29ABFPC0995E1ZQ,"35,502.00",CGST@9%,"3,195.18",SGST@9%,"3,195.18",,,"41,892.00"
113,18,24-05-2024,M/S STUMPP SCHUELE  SOMAPPA SPRINGS (P) LIMITED,29AALCS7347E1ZX,76500,CGST@9%,6885,SGST@9%,6885,,,90270,19927,09-12-2024,Industrial Hyraullics & Tools,29AFCPH8418Q1ZT,"7,370.00",CGST@9%,663.3,SGST@9%,663.3,,,"8,697.00"
114,19,29-05-2024,M/s Talrak Construction Chemicals Pvt Ltd,29AAFCT0474P1ZP,201041,CGST@9%,18093.69,SGST@9%,18093.69,,,237228,6770,11-12-2024,KRISHNA ELECTRICAL INDUSTRIES,29ABFPC0995E1ZQ,"13,287.00",CGST@9%,"1,195.83",SGST@9%,"1,195.83",,,"15,679.00"
115,20,29-05-2024,M/s Laxmi industries India Private Limited,29AAECL9398P1Z9,205000,CGST@9%,18450,SGST@9%,18450,,,241900,51124,11-12-2024,Galaxy Paints Hardware,AAKFG6133C1Z1,152,CGST@9%,13.68,SGST@9%,13.68,,,179
116,21,30-05-2024,TRACTORS AND FARMS EQUIPMENTS LTD.,29AAACT2761Q1ZQ,36000,CGST@9%,3240,SGST@9%,3240,,,42480,6775,13-12-2024,KRISHNA ELECTRICAL INDUSTRIES,29ABFPC0995E1ZQ,"15,524.00",CGST@9%,"1,397.16",SGST@9%,"1,397.16",,,"18,318.00"
117,22,03-06-2024,TRACTORS AND FARMS EQUIPMENTS LTD.,29AAACT2761Q1ZQ,36000,CGST@9%,3240,SGST@9%,3240,,,42480,15444,13-12-2024,pooja electricals & light house,29BLSPR8649J1ZU,"2,124.00",CGST@9%,191.16,SGST@9%,191.16,,,"2,506.00"
118,23,07-06-2024,M/S STUMPP SCHUELE  SOMAPPA SPRINGS (P) LIMITED,29AALCS7347E1ZX,250000,CGST@9%,22500,SGST@9%,22500,,,295000,1775,20-12-2024,A L Colours & Coats,29ABBFA2410J1ZS,"6,090.00",CGST@9%,548.1,SGST@9%,548.1,,,"7,186.00"
119,24,07-06-2024,M/S STUMPP SCHUELE  SOMAPPA SPRINGS (P) LIMITED,29AALCS7347E1ZX,95000,CGST@9%,8550,SGST@9%,8550,,,112100,441,25-12-2024,Sri Vinayaka Industries,29AAOPN9277E1ZZ,"6,750.00",CGST@9%,607.5,SGST@9%,607.5,,,"7,965.00"
120,25,07-06-2024,M/S STUMPP SCHUELE  SOMAPPA SPRINGS (P) LIMITED,29AALCS7347E1ZX,185000,CGST@9%,16650,SGST@9%,16650,,,218300,64212,02-02-2025,Galaxy Paints Hardware,AAKFG6133C1Z1,110,CGST@9%,9.9,SGST@9%,9.9,,,130
121,26,18-06-2024,M/S HITECH MATERIAL MOVEMENTS,29AOYPP4140C1ZM,12400,CGST@9%,1116,SGST@9%,1116,,,14632,1066,12-02-2025,Galaxy Paints Hardware,AAKFG6133C1Z1,904,CGST@9%,81.36,SGST@9%,81.36,,,"1,067.00"
122,27,25-06-2024,M/S SRI MALAI STONES,29ACEFS5270L1ZL,18000,CGST@9%,1620,SGST@9%,1620,,,21240,63582,12-02-2025,Galaxy Paints Hardware,AAKFG6133C1Z1,135,CGST@9%,12.15,SGST@9%,12.15,CGST,,159
123,28,28-06-2024,M/s Laxmi industries India Private Limited,29AAECL9398P1Z9,205000,CGST@9%,18450,SGST@9%,18450,,,241900,64481,17-02-2025,Galaxy Paints Hardware,AAKFG6133C1Z1,80.84,CGST@9%,7.28,SGST@9%,7.28,,,95
124,29,28-06-2024,M/s Talrak Construction Chemicals Pvt Ltd,29AAFCT0474P1ZP,201041,CGST@9%,18093.69,SGST@9%,18093.69,,,237228,31945,01-03-2025,PADMAVATHI HARDWARE,29AJBPG2536P1ZX,"1,152.00",CGST@9%,103.68,SGST@9%,103.68,,,"1,359.00"
125,30,28-06-2024,TRACTORS AND FARMS EQUIPMENTS LTD.,29AAACT2761Q1ZQ,36000,CGST@9%,3240,SGST@9%,3240,,,42480,31971,03-03-2025,PADMAVATHI HARDWARE,29AJBPG2536P1ZX,444,CGST@9%,39.96,SGST@9%,39.96,,,524
126,31,28-06-2024,TRACTORS AND FARMS EQUIPMENTS LTD.,29AAACT2761Q1ZQ,12400,CGST@9%,1116,SGST@9%,1116,,,14632,439,16-04-2025,jagadamba electricals & Lighting palace,29AFQPC1753F2ZE,381,CGST@9%,34.29,SGST@9%,34.29,,,450
127,32,28-06-2024,M/S STUMPP SCHUELE  SOMAPPA SPRINGS (P) LIMITED,29AALCS7347E1ZX,250000,CGST@9%,22500,SGST@9%,22500,,,295000,25,15-05-2025,M/s Linkwell Engineers,,"9,43,500.00",CGST@9%,"84,915.00",SGST@9%,"84,915.00",,,"11,13,330.00"
128,33,01-07-2024,BANGALORE METALURGICAL PVT LTD,29AAACB5881F1ZK,46338,CGST@9%,4170.42,SGST@9%,4170.42,,,54679,63,20-05-2025,SUMUKHA ENGINEERS,29030107908,"24,000.00",CGST@9%,"2,160.00",SGST@9%,"2,160.00",,,"28,320.00"
129,34,12-07-2024,M/s Mohinder Agencies,29AABFM4837A1ZI,42650,CGST@9%,3838.5,SGST@9%,3838.5,,,50327,786,25-05-2025,INDUSTRIAL GEARS CO,29AAFF18240K1Z0,"1,390.00",CGST@9%,125.1,SGST@9%,125.1,,,"1,640.00"
130,35,17-07-2024,M/s Ravi Traders,29BCGPH9609R1ZP,4500,CGST@9%,405,SGST@9%,405,,,5310,66,29-05-2025,MOOZUMDER & MOZUMDER,19792349098,"15,200.00",,,,,IGST@18%,"2,736.00","17,936.00"
131,36,18-07-2024,M/s Cinda Engineering & contruction Pvt Ltd,33AADCC4413H1Z5,100000,,,,,IGST@18%,18000,118000,1287,06-06-2025,FUEJRER ELECTRIC PVT LTD,29AADCF5018P1Z7,"1,500.00",CGST@9%,135,SGST@9%,135,,,"1,770.00"
132,37,20-07-2024,M/s Ostrich Projects & Services,33DBTPS1269A1ZJ,8000,CGST@9%,720,SGST@9%,720,,,9440,2685,18-06-2025,BATTERY CLUB,29ANCPR9529E1ZL,"6,250.00",CGST,875,SGST,875,,,"8,000.00"
133,38,26-07-2024,TRACTORS AND FARMS EQUIPMENTS LTD.,29AAACT2761Q1ZQ,36000,CGST@9%,3240,SGST@9%,3240,,,42480,,,,,,,,,,,,
134,39,28-07-2024,M/s Talrak Construction Chemicals Pvt Ltd,29AAFCT0474P1ZP,201041,CGST@9%,18093.69,SGST@9%,18093.69,,,237228,,,,,,,,,,,,
135,40,28-07-2024,M/s Laxmi industries India Private Limited,29AAECL9398P1Z9,205000,CGST@9%,18450,SGST@9%,18450,,,241900,,,,,,,,,,,,
136,41,03-08-2024,M/S R.R.FOUNDERS,29AABFR5630G1Z8,8350,CGST@9%,751.5,SGST@9%,751.5,,,9853,,,,,,,,,,,,
137,42,13-08-2024,BANGALORE METALURGICAL PVT LTD,29AAACB5881F1ZK,67280,CGST@9%,6055.2,SGST@9%,6055.2,,,79390,,,,,,,,,,,,
138,43,22-08-2024,BANGALORE METALURGICAL PVT LTD,29AAACB5881F1ZK,13800,CGST@9%,1242,SGST@9%,1242,,,16284,,,,,,,,,,,,
139,44,28-08-2024,M/s Laxmi industries India Private Limited,29AAECL9398P1Z9,205000,CGST@9%,18450,SGST@9%,18450,,,241900,,,,,,,,,,,,
140,45,28-08-2024,M/s Talrak Construction Chemicals Pvt Ltd,29AAFCT0474P1ZP,201041,CGST@9%,18093.69,SGST@9%,18093.69,,,237228,,,,,,,,,,,,
141,46,09-09-2024,M/s Mohinder Agencies,29AABFM4837A1ZI,325000,CGST@9%,29250,SGST@9%,29250,,,383500,,,,,,,,,,,,
142,47,10-09-2024,M/S MAWALEWARI ENGINEERING,20ATNPK3858L1ZC,45000,,,,,IGST@18%,8100,53100,,,,,,,,,,,,
143,48,12-09-2024,M/S STUMPP SCHUELE  SOMAPPA SPRINGS (P) LIMITED,29AALCS7347E1ZX,19500,CGST@9%,1755,SGST@9%,1755,,,23010,,,,,,,,,,,,
144,49,25-09-2024,M/S MAWALEWARI ENGINEERING,20ATNPK3858L1ZC,12750,,,,,IGST@18%,2295,15045,,,,,,,,,,,,
145,53,26-09-2024,TRACTORS AND FARMS EQUIPMENTS LTD.,29AAACT2761Q1ZQ,36000,CGST@9%,3240,SGST@9%,3240,,,42480,,,,,,,,,,,,
146,54,26-09-2024,TRACTORS AND FARMS EQUIPMENTS LTD.,29AAACT2761Q1ZQ,36000,CGST@9%,3240,SGST@9%,3240,,,42480,,,,,,,,,,,,
147,50,28-09-2024,M/s KCN Enterprises,29ATDPR4748L2ZX,30720,CGST@9%,2764.8,SGST@9%,2764.8,,,36250,,,,,,,,,,,,
148,51,29-09-2024,M/s Talrak Construction Chemicals Pvt Ltd,29AAFCT0474P1ZP,201041,CGST@9%,18093.69,SGST@9%,18093.69,,,237228,,,,,,,,,,,,
149,52,29-09-2024,M/s Laxmi industries India Private Limited,29AAECL9398P1Z9,205000,CGST@9%,18450,SGST@9%,18450,,,241900,,,,,,,,,,,,
150,55,30-09-2024,M/s Indian Cane Power LTD,29AABC151330F1ZS,2500,CGST@9%,225,SGST@9%,225,,,2950,,,,,,,,,,,,
151,56,16-10-2024,M/s RHS Cranes & Components,29AAVFR6748P2ZR,95000,CGST@9%,8550,SGST@9%,8550,,,112100,,,,,,,,,,,,
152,57,21-10-2024,M/s SV Material handling system,29AAKCS6443A1ZB,29250,CGST@9%,2632.5,SGST@9%,2632.5,,,34515,,,,,,,,,,,,
153,58,21-10-2024,M/s KCN Enterprises,29ATDPR4748L2ZX,13080,CGST@9%,1177.2,SGST@9%,1177.2,,,15434,,,,,,,,,,,,
154,59,22-10-2024,M/s Viman Multiplug Pvt Ltd,29AAACV5713G1ZB,4800,CGST@9%,432,SGST@9%,432,,,5664,,,,,,,,,,,,
155,60,22-10-2024,M/s Mohinder Agencies,29AABFM4837A1ZI,11625,CGST@9%,1046.25,SGST@9%,1046.25,,,13718,,,,,,,,,,,,
156,61,28-10-2024,M/s Laxmi industries India Private Limited,29AAECL9398P1Z9,205000,CGST@9%,18450,SGST@9%,18450,,,241900,,,,,,,,,,,,
157,62,28-10-2024,M/s Talrak Construction Chemicals Pvt Ltd,29AAFCT0474P1ZP,201041,CGST@9%,18093.69,SGST@9%,18093.69,,,237228,,,,,,,,,,,,
158,63,28-10-2024,TRACTORS AND FARMS EQUIPMENTS LTD.,29AAACT2761Q1ZQ,36000,CGST@9%,3240,SGST@9%,3240,,,42480,,,,,,,,,,,,
159,64,05-11-2024,BANGALORE METALURGICAL PVT LTD,29AAACB5881F1ZK,28650,CGST@9%,2578.5,SGST@9%,2578.5,,,33807,,,,,,,,,,,,
160,65,05-11-2024,BANGALORE METALURGICAL PVT LTD,29AAACB5881F1ZK,625000,CGST@9%,56250,SGST@9%,56250,,,737500,,,,,,,,,,,,
161,66,05-11-2024,TRACTORS AND FARMS EQUIPMENTS LTD.,29AAACT2761Q1ZQ,28000,CGST@9%,2520,SGST@9%,2520,,,33040,,,,,,,,,,,,
162,67,07-11-2024,BANGALORE METALURGICAL PVT LTD,29AAACB5881F1ZK,33000,CGST@9%,2970,SGST@9%,2970,,,38940,,,,,,,,,,,,
163,68,14-11-2024,M/s Firetech Boilers Pvt Ltd,29AAACF4752H1ZK,500000,CGST@9%,45000,SGST@9%,45000,,,590000,,,,,,,,,,,,
164,69,14-11-2024,M/S STUMPP SCHUELE  SOMAPPA SPRINGS (P) LIMITED,29AALCS7347E1ZX,38000,CGST@9%,3420,SGST@9%,3420,,,44840,,,,,,,,,,,,
165,70,26-11-2024,M/s Rarewala Steels & Alloys Pvt Ltd,29AAECR7443K1ZV,13000,CGST@9%,1170,SGST@9%,1170,,,15340,,,,,,,,,,,,
166,71,26-11-2024,M/S R.R.FOUNDERS,29AABFR5630G1Z8,13500,CGST@9%,1215,SGST@9%,1215,,,15930,,,,,,,,,,,,
167,72,28-11-2024,M/s Talrak Construction Chemicals Pvt Ltd,29AAFCT0474P1ZP,201041,CGST@9%,18093.69,SGST@9%,18093.69,,,237228,,,,,,,,,,,,
168,73,28-11-2024,M/s Laxmi industries India Private Limited,29AAECL9398P1Z9,205000,CGST@9%,18450,SGST@9%,18450,,,241900,,,,,,,,,,,,
169,74,13-12-2024,M/s Hi-Tech Lift Engineering,33DBMPK4224G1ZT,18024,,,,,IGST@18%,3244,21268,,,,,,,,,,,,
170,75,16-12-2024,TRACTORS AND FARMS EQUIPMENTS LTD.,29AAACT2761Q1ZQ,36000,CGST@9%,3240,SGST@9%,3240,,,42480,,,,,,,,,,,,
171,76,18-12-2024,S.V.MATERIAL HANDLING SYSTEM PVT LTD,29AAKCS6443A1ZB,47000,CGST@9%,4230,SGST@9%,4230,,,55460,,,,,,,,,,,,
172,77,20-12-2024,BANGALORE METALURGICAL PVT LTD,29AAACB5881F1ZK,134550,CGST@9%,12109.5,SGST@9%,12109.5,,,158769,,,,,,,,,,,,
173,78,23-12-2024,M/s Mohinder Agencies,29AABFM4837A1ZI,325000,CGST@9%,29250,SGST@9%,29250,,,383500,,,,,,,,,,,,
174,79,25-12-2024,M/s SKB Automation,29BERPK0195J1ZW,45750,CGST@9%,4117.5,SGST@9%,4117.5,,,53985,,,,,,,,,,,,
175,80,27-12-2024,M/s Talrak Construction Chemicals Pvt Ltd,29AAFCT0474P1ZP,201041,CGST@9%,18093.69,SGST@9%,18093.69,,,237228,,,,,,,,,,,,
176,81,27-12-2024,M/s Laxmi industries India Private Limited,29AAECL9398P1Z9,205000,CGST@9%,18450,SGST@9%,18450,,,241900,,,,,,,,,,,,
177,82,08-01-2025,TRACTORS AND FARMS EQUIPMENTS LTD.,29AAACT2761Q1ZQ,36000,CGST@9%,3240,SGST@9%,3240,,,42480,,,,,,,,,,,,
178,83,20-01-2025,BANGALORE METALURGICAL PVT LTD,29AAACB5881F1ZK,38615,CGST@9%,3475.35,SGST@9%,3475.35,,,45566,,,,,,,,,,,,
179,84,21-01-2025,M/s Mohinder Agencies,29AABFM4837A1ZI,20000,CGST@9%,1800,SGST@9%,1800,,,23600,,,,,,,,,,,,
180,85,30-01-2025,M/s Talrak Construction Chemicals Pvt Ltd,29AAFCT0474P1ZP,201041,CGST@9%,18093.69,SGST@9%,18093.69,,,237228,,,,,,,,,,,,
181,86,30-01-2025,M/s Laxmi industries India Private Limited,29AAECL9398P1Z9,205000,CGST@9%,18450,SGST@9%,18450,,,241900,,,,,,,,,,,,
182,87,30-01-2025,TRACTORS AND FARMS EQUIPMENTS LTD.,29AAACT2761Q1ZQ,36000,CGST@9%,3240,SGST@9%,3240,,,42480,,,,,,,,,,,,
183,88,18-02-2025,BANGALORE METALURGICAL PVT LTD,29AAACB5881F1ZK,37050,CGST@9%,3334.5,SGST@9%,3334.5,,,43719,,,,,,,,,,,,
184,89,27-02-2025,M/s Laxmi industries India Private Limited,29AAECL9398P1Z9,205000,CGST@9%,18450,SGST@9%,18450,,,241900,,,,,,,,,,,,
185,90,27-02-2025,M/s Talrak Construction Chemicals Pvt Ltd,29AAFCT0474P1ZP,201041,CGST@9%,18093.69,SGST@9%,18093.69,,,237228,,,,,,,,,,,,
186,91,08-03-2025,TRACTORS AND FARMS EQUIPMENTS LTD.,29AAACT2761Q1ZQ,36000,CGST@9%,3240,SGST@9%,3240,,,42480,,,,,,,,,,,,
187,92,27-03-2025,BANGALORE METALURGICAL PVT LTD,29AAACB5881F1ZK,254000,CGST@9%,22860,SGST@9%,22860,,,299720,,,,,,,,,,,,
188,93,28-03-2025,M/s Laxmi industries India Private Limited,29AAECL9398P1Z9,205000,CGST@9%,18450,SGST@9%,18450,,,241900,,,,,,,,,,,,
189,94,28-03-2025,M/s Talrak Construction Chemicals Pvt Ltd,29AAFCT0474P1ZP,201041,CGST@9%,18093.69,SGST@9%,18093.69,,,237228,,,,,,,,,,,,
190,1,04-04-2025,TRACTORS AND FARMS EQUIPMENTS LTD.,29AAACT2761Q1ZQ,36000,CGST@9%,3240,SGST@9%,3240,,,42480,,,,,,,,,,,,
191,2,11-04-2025,S.V.MATERIAL HANDLING SYSTEM PVT LTD,29AAKCS6443A1ZB,14625,CGST@9%,1316.25,SGST@9%,1316.25,,,17258,,,,,,,,,,,,
192,3,28-04-2025,M/s Laxmi industries India Private Limited,29AAECL9398P1Z9,215250,CGST@9%,19372.5,SGST@9%,19372.5,,,253995,,,,,,,,,,,,
193,4,28-04-2025,M/s Talrak Construction Chemicals Pvt Ltd,29AAFCT0474P1ZP,211093,CGST@9%,18998.37,SGST@9%,18998.37,,,249090,,,,,,,,,,,,
194,5,28-04-2025,TRACTORS AND FARMS EQUIPMENTS LTD.,29AAACT2761Q1ZQ,36000,CGST@9%,3240,SGST@9%,3240,,,42480,,,,,,,,,,,,
195,24,28-04-2025,M/s Mohinder Agencies,29AABFM4837A1ZI,25200,CGST@9%,2268,SGST@9%,2268,,,29736,,,,,,,,,,,,
196,6,05-05-2025,M/s Bansal ARADHYA STEEL PVT LTD,29AACCA3266D1ZW,19250,CGST@9%,1732.5,SGST@9%,1732.5,,,22715,,,,,,,,,,,,
197,7,14-05-2025,M/s Viman Multiplug Private Limited Unit -6-,29AAACV5713G1ZB,1720000,CGST@9%,154800,SGST@9%,154800,,,2029600,,,,,,,,,,,,
198,8,15-05-2025,S.V.MATERIAL HANDLING SYSTEM PVT LTD,29AAKCS6443A1ZB,14250,CGST@9%,1282.5,SGST@9%,1282.5,,,16815,,,,,,,,,,,,
199,9,20-05-2025,M/s Bansal ARADHYA STEEL PVT LTD,29AACCA3266D1ZW,54500,CGST@9%,4905,SGST@9%,4905,,,64310,,,,,,,,,,,,
200,10,27-05-2025,M/s Acetech PEB System Pvt Ltd,29AANCA5292N1ZU,98000.92,CGST@9%,8820.08,SGST@9%,8820.08,,,115641,,,,,,,,,,,,
201,11,28-05-2025,M/s Laxmi industries India Private Limited,29AAECL9398P1Z9,215250,CGST@9%,19372.5,SGST@9%,19372.5,,,253995,,,,,,,,,,,,
202,12,28-05-2025,M/s Talrak Construction Chemicals Pvt Ltd,29AAFCT0474P1ZP,211093,CGST@9%,18998.37,SGST@9%,18998.37,,,249090,,,,,,,,,,,,
203,13,28-05-2025,TRACTORS AND FARMS EQUIPMENTS LTD.,29AAACT2761Q1ZQ,36000,CGST@9%,3240,SGST@9%,3240,,,42480,,,,,,,,,,,,
204,14,28-05-2025,TRACTORS AND FARMS EQUIPMENTS LTD.,29AAACT2761Q1ZQ,59375,CGST@9%,5343.75,SGST@9%,5343.75,,,70063,,,,,,,,,,,,
205,15,28-05-2025,TRACTORS AND FARMS EQUIPMENTS LTD.,29AAACT2761Q1ZQ,27645,CGST@9%,2488.05,SGST@9%,2488.05,,,32621,,,,,,,,,,,,
206,16,17-06-2025,M/S STUMPP SCHUELE  SOMAPPA SPRINGS (P) LIMITED,29AALCS7347E1ZX,95000,CGST@9%,8550,SGST@9%,8550,,,112100,,,,,,,,,,,,
207,17,22-06-2025,M/s Viman Multiplug Private Limited Unit -6-,29AAACV5713G1ZB,2780000,CGST@9%,250200,SGST@9%,250200,,,3280400,,,,,,,,,,,,
208,18,27-06-2025,M/s Laxmi industries India Private Limited,29AAECL9398P1Z9,215250,CGST@9%,19372.5,SGST@9%,19372.5,,,253995,,,,,,,,,,,,
209,19,27-06-2025,M/s Talrak Construction Chemicals Pvt Ltd,29AAFCT0474P1ZP,211093,CGST@9%,18998.37,SGST@9%,18998.37,,,249090,,,,,,,,,,,,
210,20,28-06-2025,M/s Bansal ARADHYA STEEL PVT LTD,29AACCA3266D1ZW,12125,CGST@9%,1091.25,SGST@9%,1091.25,,,14308,,,,,,,,,,,,
211,21,14-07-2025,TRACTORS AND FARMS EQUIPMENTS LTD.,29AAACT2761Q1ZQ,12675,CGST@9%,1140.75,SGST@9%,1140.75,,,14957,,,,,,,,,,,,
212,22,14-07-2025,TRACTORS AND FARMS EQUIPMENTS LTD.,29AAACT2761Q1ZQ,49994.68,CGST@9%,4499.52,SGST@9%,4499.52,,,58994,,,,,,,,,,,,
213,23,14-07-2025,TRACTORS AND FARMS EQUIPMENTS LTD.,29AAACT2761Q1ZQ,36000,CGST@9%,3240,SGST@9%,3240,,,42480,,,,,,,,,,,,
214,25,18-07-2025,M/s P&P Enterprises,29FRJPP8119L1ZW,22500,CGST@9%,2025,SGST@9%,2025,,,26550,,,,,,,,,,,,
215,26,28-07-2025,M/s Talrak Construction Chemicals Pvt Ltd,29AAFCT0474P1ZP,211013,CGST@9%,18991.17,SGST@9%,18991.17,,,248995,,,,,,,,,,,,
216,27,28-07-2025,M/s Laxmi industries India Private Limited,29AAECL9398P1Z9,215250,CGST@9%,19372.5,SGST@9%,19372.5,,,253995,,,,,,,,,,,,
217,28,28-07-2025,S.V.MATERIAL HANDLING SYSTEM PVT LTD,29AAKCS6443A1ZB,38000,CGST@9%,3420,SGST@9%,3420,,,44840,,,,,,,,,,,,
